{"T04_372314.jpg": [0.9999858112928474, 2.109919545923712, 6.6673885579791685, 265.4761472934337, 5.56407609919435, 0.024802583660199985, 155.83463313703635], "T01_2045.jpg": [0.9989491661872506, 1.4596701505610163, 7.525427047510037, 30.832211398777062, 4.780299639081487, 0.006552866169764622, 49.94594594594594], "T05_3253.jpg": [0.9998836338391685, 1.1158212811202115, 7.146064147888864, 92.69608171695768, 2.7588280713185886, 0.010470772678168441, 101.37802107002685], "T03_2998.jpg": [0.9999985834655751, 1.0642001194089759, 5.910893500145774, 840.2066717238578, 2.1803664614300717, 0.07641523653920683, 590.3077022653725], "T05_3237.jpg": [0.9986033826647099, -0.03525008978282327, 7.323630193769889, 26.739778303226814, 2.3541392529801297, 0.007025200332690913, 67.29439398684622], "T04_372298.jpg": [0.9999899750261607, 1.2158170154246073, 6.305116630801394, 315.8320499031559, 2.7455117422101227, 0.04651844449936491, 220.40439003799094], "T05_3184.jpg": [0.9993188661652147, 0.7350191715730707, 7.381095859412928, 38.30326686098776, 2.0522829238546665, 0.006987084869403468, 68.36862544711296], "T05_3214.jpg": [0.9985835052468679, 1.1853716295693673, 7.675734938495708, 26.551233920032235, 4.071496182897116, 0.005523803837999012, 52.91251696419254], "T01_1891.jpg": [0.9995245026942323, 0.2624291746273533, 7.049219267049246, 45.84824247258695, 1.4935902581275358, 0.00894581873185748, 84.77057830308146], "T05_3195.jpg": [0.999953621458498, 2.5648344122261633, 7.0271730324967585, 146.83560782127734, 9.145971109035349, 0.012472606622349865, 122.04445579969341], "T03_3028.jpg": [0.9999952042452386, 1.6087272753531046, 6.681802196554131, 456.6363450122089, 3.7854590362589553, 0.036982181824221576, 278.0690251363208], "T01_2538.jpg": [0.9999140464639145, 1.906162114790979, 7.208470074213668, 107.85727919788658, 5.819073603694922, 0.011307645631067958, 93.17500000000008], "T04_372307.jpg": [0.9993881610404847, 1.055883166898422, 7.300905568709875, 40.41555400341606, 3.351524920563622, 0.008036191720788698, 60.424125548610185], "T02_2166.jpg": [0.9983658360313215, 0.24371908643460038, 7.380214102783956, 24.717073000236468, 2.5532458610503133, 0.0074181774384432485, 45.84433656957937], "T05_3146.jpg": [0.999808691020316, 0.7989581332522194, 7.002299541134572, 72.29208924696022, 2.2327939162843817, 0.010300778333123595, 98.67115565299093], "T04_372297.jpg": [0.9999614164630295, 1.670278295730966, 6.917602804185524, 160.9869242378319, 4.8586764532091395, 0.016659481991181512, 128.69449838187705], "T01_2544.jpg": [0.9999922201307386, 2.027345235520364, 7.130347445318404, 358.518987448584, 5.28444609815077, 0.023856678057915366, 194.12178935725674], "T05_3170.jpg": [0.9955012700177864, -0.03771385562011107, 7.429762345644979, 14.875649796069428, 3.8635243085955198, 0.006048850879367153, 57.31891093288307], "T04_372312.jpg": [0.9997946389699469, 1.0812416642367813, 7.226789362550814, 69.77444405624664, 2.7979217841011974, 0.010693097090581194, 72.69167402177114], "T05_3167.jpg": [0.9999313452146434, 1.0054715468792421, 6.8402084115185895, 120.68399673909666, 3.2403349662428895, 0.014052318705753455, 133.15977205571974], "T05_3171.jpg": [0.9999519603476728, 2.098852115855581, 6.981870587708986, 144.2745207141141, 6.430759226953611, 0.012890110765209253, 123.47437101993947], "T03_3024.jpg": [0.9999952339116239, 1.2544817912104143, 6.196832207094478, 458.0553073216863, 2.9537359588338408, 0.042164651364387414, 338.7508090614886], "T05_3151.jpg": [0.9993546618688128, -0.06258071390254043, 7.00991477036038, 39.3519409463675, 1.9080332778353872, 0.009003999896601667, 88.10413898824734], "T05_3187.jpg": [0.9990207437539398, 0.3655016508228674, 7.263229367223945, 31.940306392659203, 2.0470872083839953, 0.007301107249364757, 70.68932038834947], "T01_2044.jpg": [0.9994182403704029, 2.86357292385013, 7.687256277754039, 41.44783452264677, 11.586194398699073, 0.00592902267855108, 50.68721487893324], "T02_2170.jpg": [0.9996231747034995, 1.8726946385289656, 7.123444629710974, 51.5048507759389, 7.396590074259685, 0.00938748578892391, 67.68377253814153], "T03_3049.jpg": [0.9999929883781836, 0.7956737942219538, 6.489015844217302, 377.6497796353334, 1.7999771612855966, 0.03959040524119144, 301.7580687483609], "T03_2986.jpg": [0.9999901522918447, 1.062679734431021, 6.1732407184643945, 318.66199949664446, 2.351786469674684, 0.03645457062799402, 255.32781267846943], "T05_3244.jpg": [0.9990880516190308, 0.947220841531722, 7.3317437834950745, 33.09914338443092, 3.2450914661708987, 0.006885516707094181, 73.75765496639278], "T03_3048.jpg": [0.9999812947613077, 1.2225886490129305, 6.607196173684584, 231.21409789099684, 3.2943800491173567, 0.024062082710442488, 195.79316701486997], "T05_3196.jpg": [0.9973956994249595, 0.07894678786624867, 7.343411915381894, 19.56988133387909, 3.9450726135860186, 0.006557433936766957, 62.13824398480374], "T03_2989.jpg": [0.9999887244864555, 1.156970523385149, 6.562983255206612, 297.8032177983978, 2.558962389877235, 0.030950030755631536, 219.96186858027275], "T02_2168.jpg": [0.9958157711348501, 0.7540911518543782, 7.689522015872022, 15.427010832270792, 3.0550701085373944, 0.005475518340887724, 32.71074656846336], "T05_3179.jpg": [0.9998858324476991, 0.3128335036722068, 6.853203879859317, 93.58448664317662, 2.114891810901888, 0.01321520772404218, 126.58847478860005], "T01_2526.jpg": [0.9999828658404202, 2.091431824025451, 6.799567876287184, 241.58216869376517, 5.925129306570936, 0.019497508012065227, 160.65946601941758], "T04_372296.jpg": [0.9999655186757591, 1.1243243971730421, 6.905482992624872, 170.2944695626344, 2.545505956286372, 0.018053975496161872, 141.32652018395513], "T05_3203.jpg": [0.9990784825390036, 0.23131572532526137, 7.3911591907889, 32.9266857209416, 2.060302019075945, 0.0069173482494193275, 66.97376575087786], "T02_2147.jpg": [0.9988730591079339, 1.1319196324145346, 7.4875566784406224, 29.771764907573118, 2.9391518404874875, 0.007264297080996238, 39.65579776515845], "T01_1893.jpg": [0.9986991740634504, 0.3225823898392486, 7.382576266118181, 27.708164134115005, 2.806717282601365, 0.006659179029192173, 67.21775312066565], "T03_3034.jpg": [0.9999843838914272, 1.219075916956553, 6.944673291845398, 253.05224761268133, 2.6679138090941716, 0.024042669507319446, 180.77683202553538], "T03_3016.jpg": [0.9999891203551261, 1.6737647114686227, 6.476045090201397, 303.1728299644784, 4.318858508981904, 0.028492486321967644, 214.23500465487436], "T05_3173.jpg": [0.9984364493992607, -0.11666048784677095, 7.342154853380499, 25.269941889274644, 2.6141665912537055, 0.006808216198602084, 66.61839550332142], "T02_2164.jpg": [0.9986580220135712, 0.8565219691019745, 7.669318857003737, 27.279455754789097, 2.260661143074683, 0.005975211651254907, 43.08127600554784], "T04_372302.jpg": [0.999680513587422, 0.9410387603927509, 6.7344692586016786, 55.93767571854415, 3.9955863521613035, 0.01286166881369069, 79.48511326860843], "T03_3017.jpg": [0.9999908602899634, 1.6667597492820163, 6.488692184407759, 330.77433614364355, 4.1140195631609675, 0.031056211331959762, 217.51770416904625], "T05_3161.jpg": [0.9996482813138478, 2.547237800207387, 7.450291734659058, 53.312112363460685, 10.350490707533679, 0.007107918600124436, 68.0867522705919], "T05_3147.jpg": [0.9981218872419773, 0.7211743901884885, 7.246055015883153, 23.053186202078084, 4.893238845879548, 0.007034547397850792, 65.9348127600555], "T03_2984.jpg": [0.9999886642528675, 1.6947699664915647, 6.929859036962582, 297.01095192781787, 4.367849815215692, 0.02493169622302706, 190.02938861191294], "T05_3225.jpg": [0.9991429744481669, -0.0243527737498695, 7.108955859215942, 34.1441994207131, 2.453118185005238, 0.008624876508520375, 75.51079383209597], "T05_3210.jpg": [0.9984291433646248, 0.27185677267855657, 7.561268409721609, 25.21101606756525, 2.7531249743971755, 0.006023524957946955, 58.31976864284239],