{"T04_372314.jpg": [0.4759980148757582, 7.3184784338691715, 0.9999999999999996, 0.20972703655881794, 1.0035015120165527, 15.211841477001435, 0.11905584162605368, 0.9999999999999996], "T01_2045.jpg": [0.5586716935411312, 16.882314353188143, 1.0000000000000002, 0.24969355895111178, 2.1243768039884543, 15.276830228286538, 0.0842120624597512, 1.0000000000000002], "T05_3253.jpg": [0.012777710284341829, 0.32782482958066517, 1.0, 0.00174008301182679, 0.03769882255732286, 42.93823590167321, 0.16408149746529604, 1.0], "T03_2998.jpg": [1.3067737101669383, 6.388349514563107, 0.9999999999999999, 0.6181713738954362, 0.7475728155339807, 9.419805825242717, 0.3673763115174747, 0.9999999999999999], "T05_3237.jpg": [0.017500393425353145, 0.7705397223092181, 1.0, 0.0015005561732043175, 0.09238960225493267, 35.2020043845913, 0.09664435093465815, 1.0], "T04_372298.jpg": [0.08505393732008654, 45.63317855635288, 1.0000000000000002, 0.011915099560536815, 5.479527226677923, 16.85099197973829, 0.2323781338418481, 1.0000000000000002], "T05_3184.jpg": [0.09298399257118803, 11.23341849770056, 1.0, 0.03269433925921156, 1.3175268267756772, 29.913541134389373, 0.09537858019989821, 1.0], "T05_3214.jpg": [0.0360336015772875, 9.876918258690885, 1.0, 0.00666763800450969, 1.1462574381459443, 35.14521348783798, 0.06586668184585018, 1.0], "T01_1891.jpg": [0.022052225378081845, 2.5233220768256652, 1.0, 0.001738561359414302, 0.292634022794428, 33.17433516251583, 0.12432294351498469, 1.0], "T05_3195.jpg": [0.062467365948740354, 4.6719468574348495, 0.9999999999999998, 0.02031715551774245, 0.5771078180889114, 33.542769545222285, 0.1298510620131499, 0.9999999999999998], "T03_3028.jpg": [0.8088715123474188, 7.4900917675222765, 0.9999999999999997, 0.37723553507052, 0.8815001994946134, 17.5023274371592, 0.1517534309191021, 0.9999999999999997], "T01_2538.jpg": [0.7882669464268106, 16.28252427184466, 1.0, 0.36231926138395826, 1.93495145631068, 13.570873786407768, 0.13890994674333107, 1.0], "T04_372307.jpg": [0.4080491378927917, 22.427184466019423, 0.9999999999999997, 0.17588157941225152, 2.7482377975794656, 16.946934432770316, 0.0831662682758849, 0.9999999999999997], "T02_2166.jpg": [0.36591265499408454, 24.407766990291265, 1.0000000000000002, 0.15468079486574451, 2.9386731391585763, 18.947572815533977, 0.052964725966422634, 1.0000000000000002], "T05_3146.jpg": [0.0255768664936866, 6.799665935901451, 1.0, 0.0022370913552577885, 0.7783693496189581, 32.92619271322685, 0.08658594039461145, 1.0], "T04_372297.jpg": [0.8352803172081114, 15.535275080906146, 0.9999999999999998, 0.38585402386678685, 1.8695145631067964, 12.955339805825243, 0.16224026141326547, 0.9999999999999998], "T01_2544.jpg": [0.6414502326402566, 5.503502519356028, 1.0000000000000002, 0.29885472659597767, 0.6558928351972472, 23.205604030969646, 0.1039511110345207, 1.0000000000000002], "T05_3170.jpg": [0.041512753043400796, 15.720135078092019, 1.0, 0.004108643950507099, 1.8690375685943437, 26.527648796960744, 0.0713802357059963, 1.0], "T04_372312.jpg": [0.6393529012584717, 5.583995292733156, 1.0000000000000004, 0.29203980124733314, 0.801265077964107, 17.487496322447782, 0.11269050023452382, 1.0000000000000004], "T05_3167.jpg": [0.016826384274923167, 1.9438581680033769, 1.0, 0.001412818307139698, 0.22277332207682565, 39.422541156606165, 0.10173471947793375, 1.0], "T05_3171.jpg": [0.03707641943161129, 3.075060027142708, 1.0, 0.009758262077635093, 0.3589101158784842, 35.479277586386885, 0.13648079283464942, 1.0], "T03_3024.jpg": [1.2011312174700952, 12.929424943988051, 1.0000000000000002, 0.5627148251487789, 1.5527757032611402, 7.205377147124719, 0.30381403059898093, 1.0000000000000002], "T05_3151.jpg": [0.028344049179862718, 1.0555952989269288, 1.0000000000000002, 0.005184357331503982, 0.12795094532447626, 32.10628513030148, 0.1413556200257504, 1.0000000000000002], "T05_3187.jpg": [0.024353737377458613, 0.13643875232390001, 1.0000000000000002, 0.0017827831197496948, 0.014872960132204089, 31.82978723404255, 0.1033062500936089, 1.0000000000000002], "T01_2044.jpg": [0.4965836666687176, 13.00327523686981, 1.0000000000000004, 0.22390345149288773, 1.5846297812609662, 19.64487074511639, 0.07389285583860997, 1.0000000000000004], "T02_2170.jpg": [0.057830948889905004, 26.720249653259362, 0.9999999999999998, 0.005853757503251068, 3.13994452149792, 20.60693481276006, 0.08821178014046599, 0.9999999999999998], "T03_3049.jpg": [1.001921472247853, 6.620572028339018, 0.9999999999999999, 0.47191850824097403, 0.7719758593545001, 15.826817108370511, 0.21946624422212466, 0.9999999999999999], "T03_2986.jpg": [1.1918548935705158, 12.544831524842946, 0.9999999999999998, 0.5579905654948405, 1.5208452312964023, 6.924043403769275, 0.3025823377096092, 0.9999999999999998], "T05_3244.jpg": [0.03927770751640868, 11.473394324122479, 0.9999999999999999, 0.0039412834700091985, 1.3716392830470499, 26.040328603435395, 0.12264746675955053, 0.9999999999999999], "T03_3048.jpg": [1.1078642356254755, 8.381836057515054, 1.0000000000000002, 0.5199385589018387, 1.0249477694481997, 10.357625660562862, 0.2606026370121151, 1.0000000000000002], "T05_3196.jpg": [0.16924746469616145, 13.626846770789363, 1.0000000000000002, 0.0649480851001665, 1.6330730265934994, 22.514140987758548, 0.0721825336087115, 1.0000000000000002], "T03_2989.jpg": [0.9734036174079446, 13.379625721120021, 0.9999999999999997, 0.4521839745240498, 1.629238778668918, 10.452793020965247, 0.20137738980284667, 0.9999999999999997], "T02_2168.jpg": [0.32083704935440455, 17.061098091730834, 0.9999999999999997, 0.13587683604766876, 2.0118848342818882, 21.347171074656845, 0.037860973043662365, 0.9999999999999997], "T05_3179.jpg": [0.015571810932042495, 3.9599123081741308, 0.9999999999999998, 0.0014652549962492448, 0.4638271218290009, 41.16170790270383, 0.15644194227679536, 0.9999999999999998], "T01_2526.jpg": [0.8958947180133228, 20.112985436893208, 0.9999999999999998, 0.4117746527789183, 2.4479368932038836, 9.51456310679612, 0.17272639975492507, 0.9999999999999998], "T04_372296.jpg": [0.626784490631788, 11.957715891670924, 0.9999999999999999, 0.28837161497703606, 1.4827542156361777, 20.233009708737868, 0.09824675855366626, 0.9999999999999999], "T05_3203.jpg": [0.3543928649878901, 14.328754389588928, 0.9999999999999999, 0.15555883416350172, 1.7712249535219995, 23.177855814914274, 0.07222349926164745, 0.9999999999999999], "T02_2147.jpg": [0.478484754445949, 14.306100018318373, 0.9999999999999998, 0.21211015181641676, 1.8186481040483604, 18.626122000366372, 0.059887725384530674, 0.9999999999999998], "T01_1893.jpg": [0.030288517012851363, 6.921537547057658, 1.0000000000000002, 0.002614061140736992, 0.8246483059243115, 29.451951654448187, 0.08730766145959305, 1.0000000000000002], "T03_3034.jpg": [0.949451473251386, 9.093496475595158, 1.0, 0.44527071042765193, 1.0837877377310814, 16.22343396728288, 0.19186545921233253, 1.0], "T03_3016.jpg": [0.9363512862773901, 21.01835350445538, 0.9999999999999998, 0.4303834052461432, 2.516824045750765, 8.509642239659534, 0.20076201512182795, 0.9999999999999998], "T05_3173.jpg": [0.04227261907613728, 9.529177312212573, 0.9999999999999998, 0.006326194203846136, 1.149718957588145, 28.544098109351047, 0.08022736144427628, 0.9999999999999998], "T02_2164.jpg": [0.3462712173051751, 12.308876560332873, 1.0, 0.1499548234377536, 1.5378640776699029, 24.13758668515951, 0.04089477359423363, 1.0], "T04_372302.jpg": [0.6766920189199251, 29.537216828478968, 1.0000000000000004, 0.3024465338334956, 3.5993527508090617, 10.385760517799355, 0.15025004974811743, 1.0000000000000004], "T03_3017.jpg": [0.8659593099872974, 22.388777841233583, 0.9999999999999997, 0.39510312976477324, 2.7301541976013706, 8.800685322672757, 0.17412637014795518, 0.9999999999999997], "T05_3161.jpg": [0.05220610770370405, 4.922852072241362, 1.0, 0.015452339729084176, 0.5745902495041235, 33.08988412151582, 0.07049934075502554, 1.0],