{"T04_372314.jpg": [1.409472354529352961, 1.8134126340825996], "T01_2045.jpg": [2.135205043776642547, 5.947436500727302], "T05_3253.jpg": [5.9994641983607953111, 0.21074651513042783], "T03_2998.jpg": [1.290786400353402576, 66.346084478250731], "T05_3237.jpg": [5.7213964077170074106, 0.081220908719317877], "T04_372298.jpg": [3.577979032227157981, 2.0389845314210593], "T05_3184.jpg": [4.176683187514893392, 0.60531357182318135], "T05_3166.jpg": [1.411794479647643196, 0.31516911054310909], "T01_1891.jpg": [6.414045196024998388, 0.20523282759136949], "T05_3195.jpg": [1.064734056337845891, 0.35533290057697797], "T03_3028.jpg": [1.016727102540865863, 15.92942960384638], "T01_2538.jpg": [4.391386999398934271, 15.692966130410655], "T04_372307.jpg": [3.662780016987706174, 3.3529538277189408], "T02_2166.jpg": [3.5991896101986687111, 7.6029645389124543], "T05_3146.jpg": [1.621631005408793291, 0.34011208618288385], "T04_372297.jpg": [2.109470496571659558, 9.0862678442745413], "T01_2544.jpg": [3.1558027366644526103, 10.743760279461378], "T05_3170.jpg": [1.854462251735395390, 0.7178555198793285], "T04_372312.jpg": [1.470374069428994298, 5.3959306908533273], "T05_3167.jpg": [2.2982793853178934102, 0.38239147307588051], "T05_3171.jpg": [7.634676986703265994, 0.26906121363283692], "T03_3024.jpg": [6.980072595811062965, 29.688381615952668], "T05_3151.jpg": [8.469484358896005588, 0.089218514059338991], "T05_3187.jpg": [1.0209220466819229103, 0.55612983371591196], "T01_2044.jpg": [1.4849695757605831107, 5.6939128998674509], "T02_2170.jpg": [1.3792802346022031102, 0.86119185136112752], "T03_3049.jpg": [6.094596536950013387, 33.387861148249875], "T03_2986.jpg": [1.242499701915462646, 21.327945910859068], "T05_3244.jpg": [1.167017894437255491, 0.42548381517223283], "T03_3048.jpg": [5.797959564684322980, 25.828058465682663], "T05_3196.jpg": [2.052414833549309877, 0.70255000397759826], "T03_2989.jpg": [9.9443916988505768, 18.716535286656455], "T04_372299.jpg": [6.622761910147762458, 3.3131540362124889], "T02_2168.jpg": [1.688878009688433104, 3.4635228717568989], "T05_3179.jpg": [2.1764039894752287102, 0.22470342821447356], "T01_2526.jpg": [4.380493054410388682, 13.594694250555889], "T05_3212.jpg": [2.8094074443814111, 0.49573126747716839], "T04_372296.jpg": [5.2556074148402795100, 6.0070698785383945], "T02_2147.jpg": [2.1056739906191752101, 3.7072559180510631], "T01_1893.jpg": [7.9932684754359886103, 0.33471787516488816], "T03_3034.jpg": [7.621496397918825995, 29.068915846706123], "T05_3203.jpg": [1.045500454470808894, 3.019987211563679], "T03_3016.jpg": [6.196657807207129197, 14.120430585128123], "T05_3173.jpg": [1.521515440595268892, 0.66404431506636197], "T02_2164.jpg": [3.1418505578416289110, 6.1903171757183042], "T04_372302.jpg": [5.05557940784930167, 2.4015477576090221], "T03_3017.jpg": [1.093184676649000181, 11.343297664805814], "T05_3161.jpg": [2.973636231106193199, 0.60125817108247048], "T05_3147.jpg": [1.944775701868322986, 0.58896122428538544], "T03_2984.jpg": [1.2680913104479224101, 15.474266177270401], "T05_3225.jpg": [2.818591723484869685, 0.11619565850484308], "T05_3210.jpg": [8.4329052852908443110, 0.26828737064190811], "T01_2531.jpg": [1.130121994020769588, 8.267111188562323], "T04_372290.jpg": [6.475217908896680895, 4.2525636199755361], "T01_2525.jpg": [4.126199128392486587, 10.776677371310122], "T03_3032.jpg": [2.824124952254700899, 30.15611179018298], "T04_372305.jpg": [1.333548111302278999, 1.8546188546075661], "T02_2162.jpg": [1.1072722941550959111, 3.9762119356798382], "T03_2975.jpg": [2.884346775713864674, 46.337548407624624], "T01_2041.jpg": [3.5327242430500456109, 0.93797698803311425], "T01_2535.jpg": [1.068081690975096681, 7.3083056843386007], "T05_3254.jpg": [8.503337418090066111, 0.19408040612765223], "T03_2972.jpg": [1.083337987013063450, 22.443566130911787], "T02_2167.jpg": [5.085709220214268497, 2.3198491425223962], "T01_1998.jpg": [1.657217539851866105, 1.0615705910419166], "T04_372293.jpg": [3.2982168307807497, 2.2057352088448927], "T03_2993.jpg": [3.137897025942215293, 20.144549845985164], "T05_3158.jpg": [5.301264895793276694, 0.25279908961519115], "T03_2971.jpg": [8.310519725914367189, 33.379377832968601], "T04_372304.jpg": [1.551980281162349182, 1.307154391251707], "T01_2046.jpg": [1.25543390966665184, 2.0490331494722311], "T03_3020.jpg": [8.839655727578825597, 16.23110312937445], "T05_3183.jpg": [2.0755581469261093103, 0.015030509453325845], "T03_3044.jpg": [1.626706131175944691, 22.643510424922127], "T03_3023.jpg": [3.843283450006708681, 20.160022199521244], "T05_3186.jpg": [2.501200474968372696, 0.75232725955785573], "T05_3221.jpg": [1.7031136360444501103, 0.073323240186834046], "T04_372294.jpg": [1.73401659697263991, 6.3509852224978856], "T03_3036.jpg": [6.0774875024339752, 8.8916816570155603], "T02_2159.jpg": [4.402532819687003196, 5.3222670622882831], "T05_3214.jpg": [5.2804198663465854110, 1.1406032803990553], "T02_2161.jpg": [1.453162706449175696, 3.7753139964193387], "T01_1892.jpg": [6.271330263157188372, 0.18604653485781067], "T04_372295.jpg": [2.675613716785112199, 5.6716199102463785], "T01_2536.jpg": [1.663925961661796662, 7.0468284290418692], "T05_3223.jpg": [3.27882552303115692, 0.57486244103180439], "T01_2133.jpg": [3.209703401568976974, 1.2465728244508412], "T04_372308.jpg": [1.182026925286792368, 5.2519877179373902], "T05_3220.jpg": [9.540531217890486591, 0.18435192027065972], "T01_2042.jpg": [6.563117619481790682, 4.5430694497692246], "T01_2530.jpg": [2.66371142375409787, 9.5247788877120598], "T01_2532.jpg": [3.8190600242967418110, 3.684751211146144], "T04_372310.jpg": [1.614100305653363593, 4.4694100445129061], "T05_3197.jpg": [2.852039885418417389, 0.64177608707949285], "T04_372291.jpg": [8.081893343273017971, 1.8917193877363745], "T04_372309.jpg": [1.4199555179330875, 4.2681862690130208], "T04_372313.jpg": [4.415315902931563287, 4.3501987599502412], "T04_372306.jpg": [4.5305676125922158108, 23.139559804979662], "T02_2143.jpg": [3.9385559398630664107, 3.1596386483049335], "T01_2539.jpg": [3.109721031088859388, 4.7779807272596688]}