{"T09_10.jpg": [0.04072107003778413, 3.490524088541666, 0.9999999999999999, 0.00693755695736512, 0.3963802083333333, 24.921119791666666, 0.15927065194447837, 0.9999999999999999], "T24_40.jpg": [0.2027173954735852, 27.749029947916668, 1.0000000000000004, 0.0729228603697799, 3.2998730468750006, 17.280598958333332, 0.04556351358625624, 1.0000000000000004], "T15_10.jpg": [0.11622719324096883, 24.733570963541663, 0.9999999999999994, 0.03201392806740197, 2.9619270833333338, 16.840572916666666, 0.14507310150994188, 0.9999999999999994], "T20_40.jpg": [1.0078597918457137, 24.55497721354167, 1.0000000000000002, 0.45839040704115835, 3.3772884114583337, 4.907343749999999, 0.20710760775672063, 1.0000000000000002], "T10_30.jpg": [0.02568065853321036, 2.356764322916667, 1.0, 0.0018356694337665095, 0.267900390625, 28.037968750000008, 0.12089483848147922, 1.0], "T02_40.jpg": [0.02620049355351352, 2.9545768229166667, 1.0, 0.0019715570110583904, 0.33144531250000003, 28.576432291666666, 0.0759828430175781, 1.0], "T17_10.jpg": [0.026267439262134065, 1.0963704427083334, 0.9999999999999997, 0.0017715186792238006, 0.11523437500000001, 26.904218750000002, 0.09543722915649414, 0.9999999999999997], "T09_30.jpg": [0.027146768336544048, 2.67419921875, 1.0, 0.0019812097545236396, 0.29583984374999994, 27.764531249999997, 0.10347126174502903, 1.0], "T02_30.jpg": [0.023335862783015197, 3.1549511718749996, 0.9999999999999998, 0.002003156756338253, 0.35404622395833335, 30.72700520833333, 0.07835456462436252, 0.9999999999999998], "T05_30.jpg": [0.024201977590746774, 7.111061197916666, 0.9999999999999999, 0.0018429685340980498, 0.708251953125, 29.741979166666663, 0.11697004716661243, 0.9999999999999999], "T08_10.jpg": [0.04704787435577999, 7.215048828125, 1.0, 0.009191626938524836, 0.8238346354166666, 25.6928125, 0.07472423922220864, 1.0], "T08_20.jpg": [0.03366275831232424, 4.965527343750001, 1.0, 0.005008217923832007, 0.5350423177083334, 28.089635416666653, 0.06517525956895616, 1.0], "T20_10.jpg": [1.175772168889154, 25.659781901041665, 1.0000000000000002, 0.5424106688404868, 3.40357421875, 3.796145833333333, 0.2819557108985054, 1.0000000000000002], "T13_10.jpg": [0.01942485342107104, 1.9742122395833335, 1.0, 0.0017591690137202986, 0.2089518229166667, 32.998437499999994, 0.13793717992570667, 1.0], "T13_20.jpg": [0.01998136640247856, 1.9278190104166668, 1.0, 0.002654815331537218, 0.21326497395833333, 34.35901041666668, 0.186707327609592, 1.0], "T12_40.jpg": [0.02794445198711207, 3.5047623697916666, 0.9999999999999998, 0.002941957016490407, 0.3640755208333334, 28.52955729166666, 0.06976723918914794, 0.9999999999999998], "T07_10.jpg": [0.032767057582597243, 4.723417968750001, 1.0, 0.0024877001321981095, 0.5417773437500001, 24.699713541666664, 0.10610875771840414, 1.0], "T24_10.jpg": [0.4917421311147741, 23.97435546875, 1.0, 0.21538302388340477, 2.9618261718750003, 15.133645833333336, 0.08174617508782288, 1.0], "T02_10.jpg": [0.03346745565092942, 3.2514680989583336, 1.0, 0.007070060606572456, 0.36903320312500004, 31.078020833333326, 0.07512431428697372, 1.0], "T06_10.jpg": [0.016591041796422915, 1.3676920572916664, 0.9999999999999999, 0.0011073812510607104, 0.13507812499999997, 32.916562500000005, 0.19794618426428903, 0.9999999999999999], "T03_30.jpg": [0.050592294342012054, 8.148662109375, 1.0, 0.014591335408229418, 0.900068359375, 34.43666666666666, 0.08775871069166392, 1.0], "T04_10.jpg": [0.028334577291767048, 3.172734375, 1.0000000000000002, 0.0020801654205579046, 0.3581868489583333, 26.837109374999994, 0.10277131409115263, 1.0000000000000002], "T08_30.jpg": [0.032864293017931166, 4.476249999999999, 1.0000000000000002, 0.004916274731871451, 0.48487955729166665, 28.667395833333327, 0.06169798384772406, 1.0000000000000002], "T24_20.jpg": [0.284994128423406, 22.074150390625, 0.9999999999999999, 0.1162232536547293, 2.6718717447916664, 18.350104166666664, 0.05039833747016057, 0.9999999999999999], "T07_40.jpg": [0.03601249088287777, 6.320159505208332, 1.0, 0.0028687372638765115, 0.7418391927083332, 23.79166666666667, 0.112122104856703, 1.0], "T09_40.jpg": [0.02663604127227647, 3.7047851562499994, 1.0000000000000002, 0.0022542746226642423, 0.4201920572916666, 28.988515625000005, 0.10089259111616346, 1.0000000000000002], "T21_10.jpg": [0.02337446408993659, 2.1266015625000003, 1.0, 0.0017148743152507696, 0.23951822916666668, 30.35059895833334, 0.12763322594960524, 1.0], "T12_10.jpg": [0.025218066552341795, 2.723118489583333, 0.9999999999999998, 0.002947347300333415, 0.29177734375, 30.504114583333322, 0.07748385526869032, 0.9999999999999998], "T07_20.jpg": [0.029120363906816955, 3.0444694010416664, 1.0, 0.00211652714286793, 0.3499283854166667, 26.027734374999994, 0.13396232564714217, 1.0], "T15_30.jpg": [0.026233832543901305, 2.0738118489583335, 1.0, 0.002120330180003581, 0.22565429687499997, 27.782499999999995, 0.1586165949079725, 1.0], "T19_10.jpg": [0.06498160792067731, 12.754827473958333, 0.9999999999999999, 0.015257089619471233, 1.4629557291666668, 24.057395833333338, 0.05101605292426216, 0.9999999999999999], "T20_20.jpg": [0.5832329347535714, 38.085514322916666, 0.9999999999999998, 0.24699855141802177, 4.972063802083333, 7.115989583333334, 0.14196458642747672, 0.9999999999999998], "T18_30.jpg": [0.14725249254770736, 19.860126953125, 0.9999999999999998, 0.0498435690152299, 2.3265787760416665, 19.27903645833334, 0.05161309842003718, 0.9999999999999998], "T25_20.jpg": [0.13691037386301447, 18.817311197916666, 0.9999999999999997, 0.045648713859437993, 2.256070963541667, 19.117473958333335, 0.10937154852549234, 0.9999999999999997], "T21_30.jpg": [0.024807046185785674, 1.3070442708333334, 0.9999999999999997, 0.0017073315136942554, 0.14560872395833335, 28.127291666666665, 0.12416974512736002, 0.9999999999999997], "T12_20.jpg": [0.026363782709770526, 2.7433170572916667, 1.0, 0.003717436075467835, 0.29984049479166663, 30.895494791666664, 0.08714030363294813, 1.0], "T21_40.jpg": [0.028513874339619345, 3.605354817708333, 0.9999999999999999, 0.00218748102864642, 0.4134700520833334, 28.08052083333333, 0.10202568268246123, 0.9999999999999999], "T10_40.jpg": [0.02757029073697563, 1.994371744791667, 0.9999999999999997, 0.0019382603437120194, 0.22217773437500002, 26.78669270833333, 0.11514802436828614, 0.9999999999999997], "T01_30.jpg": [0.07235070946260053, 12.653011067708334, 1.0000000000000002, 0.020708808864759738, 1.4145345052083333, 26.675520833333334, 0.04384226186540391, 1.0000000000000002], "T15_20.jpg": [0.03451545970991978, 4.009554036458333, 1.0, 0.0026518088285169693, 0.46966796875, 24.623046874999993, 0.1429202824910482, 1.0], "T01_10.jpg": [0.07075175765401939, 11.925156249999999, 1.0, 0.02034241186978329, 1.3863704427083337, 27.24716145833334, 0.046369189537896066, 1.0], "T16_20.jpg": [0.03936535628707976, 10.609440104166664, 0.9999999999999998, 0.005510434290624254, 1.1052278645833333, 26.46390625, 0.04780313481224909, 0.9999999999999998], "T06_30.jpg": [0.026513342469011037, 3.9571842447916663, 1.0, 0.0019958335807220787, 0.4465071614583333, 28.134739583333328, 0.10897352841695153, 1.0], "T17_30.jpg": [0.025317559112929645, 1.1345996093750002, 1.0, 0.0017063048909080154, 0.120849609375, 27.407395833333332, 0.10639458501603868, 1.0], "T13_30.jpg": [0.01965051997994884, 2.3886002604166667, 1.0, 0.0017090736272986598, 0.25447916666666665, 32.79010416666667, 0.12645604593488907, 1.0], "T10_10.jpg": [0.05409034185537806, 9.055445963541667, 1.0, 0.008728276821636526, 1.06017578125, 21.183359374999995, 0.12647956432766386, 1.0], "T11_40.jpg": [0.03209312110980877, 3.773024088541667, 1.0, 0.007090492657500473, 0.43419921875, 32.53601562499999, 0.09120161077711315, 1.0], "T01_20.jpg": [0.030902552841059267, 4.694778645833333, 0.9999999999999998, 0.004027200972561975, 0.5319108072916666, 28.84166666666666, 0.06992214664883084, 0.9999999999999998],