{"T09_10.jpg": [0.9999999638283819, 0.19651177929331018, 5.968544148804317, 5257.944809419234, 1.4591288675558853, 0.024129716661241318, 7412.648958333332], "T24_40.jpg": [0.9999993444040631, 0.2697719654314717, 7.214012273271769, 1235.0420116662463, 2.323574710875366, 0.008035218747456866, 2468.4191992187507], "T15_10.jpg": [0.9999998820319401, 0.20337886448177056, 6.593763867108335, 2911.5064454814387, 1.6541724247917617, 0.01442889601389567, 4432.556855468749], "T20_40.jpg": [0.9999999076699488, -0.060575679512388514, 6.1834965193689575, 3291.004239955275, 1.7665280575306177, 0.018940991655985524, 5818.672636718745], "T10_30.jpg": [0.999999833379739, 0.02329201133805931, 6.744844258646533, 2449.830620226503, 1.466652485880922, 0.012756155628628198, 3918.6910091145864], "T02_40.jpg": [0.999999496324827, -0.43474902555517503, 7.039362544821441, 1409.044206035653, 1.7344532378198447, 0.009360699335734055, 2875.6068359375026], "T17_10.jpg": [0.9999999294553163, -0.010591865279884576, 6.231242470068184, 3765.024784818271, 1.4369016218442612, 0.018939227188958078, 5818.130592447912], "T09_30.jpg": [0.9999996389375164, -0.5391930667602232, 6.81422982737642, 1664.2123441437773, 1.7484416612990479, 0.0110668543709649, 3399.737662760417], "T02_30.jpg": [0.9999995240613774, -0.36890283538650903, 7.055219817532865, 1449.5207007999627, 1.672008588140275, 0.009348915587531205, 2871.9868684895846], "T05_30.jpg": [0.9999999056783345, -0.20908453926004128, 6.422877184372485, 3256.0738707608093, 1.2811070996786678, 0.016653489197625056, 5115.951881510414], "T08_10.jpg": [0.9999993288117562, -0.49072788258875666, 7.163096581657485, 1220.6121363496363, 1.866132579125763, 0.008470268313090007, 2602.066425781252], "T08_20.jpg": [0.9999994599295229, -0.35620227548825645, 7.1249276841616345, 1360.7384731862924, 1.7272794582283102, 0.00889023475646973, 2731.0801171875005], "T20_10.jpg": [0.9999999809424236, 0.1191146191730686, 5.410122681266521, 7243.795164793812, 1.5751190700553095, 0.03605456619262693, 11075.96273437502], "T13_10.jpg": [0.999999862158907, 0.19291430764786147, 6.669039260949703, 2693.460531399577, 1.5524640107157681, 0.013533870273166243, 4157.604947916668], "T13_20.jpg": [0.999999906821521, 0.03514987874255024, 6.522505167717919, 3275.9870104903657, 1.4005467678137347, 0.01595091580284966, 4900.121334635415], "T12_40.jpg": [0.9999995535477276, -0.18910982973404786, 7.055677548180664, 1496.622893241028, 1.712164217080206, 0.009394488440619582, 2885.9868489583364], "T07_10.jpg": [0.9999999352306277, 0.22134432945819998, 6.312204616192958, 3929.299579211481, 1.4664334373599794, 0.018299575593736427, 5621.629622395827], "T24_10.jpg": [0.9999996327155823, 0.47126078111930575, 7.25932662849594, 1650.0559424634, 1.7513951819442155, 0.008403076532151964, 2581.4251106770885], "T02_10.jpg": [0.9999994414261022, -0.5081451002559239, 7.104957837315626, 1338.0106187743188, 1.7582046046941282, 0.008966240331861702, 2754.4290299479185], "T06_10.jpg": [0.9999999689173265, 0.07268670806590974, 5.863494500790232, 5672.0599124374285, 1.4042029176490671, 0.02650569254557292, 8142.548749999996], "T03_30.jpg": [0.9999998033436363, 0.14684770596466, 6.996622038020291, 2254.996929829399, 1.4461188673824004, 0.010933099873860682, 3358.6482812500008], "T04_10.jpg": [0.9999999126840615, -0.1351997619885399, 6.251829053204839, 3384.178155430805, 1.4381134511668916, 0.01800766160753035, 5531.953645833333], "T08_30.jpg": [0.9999992553396067, -0.4352071604919833, 7.23313569891521, 1158.8326171734202, 1.8751220541108184, 0.008040377977159289, 2470.0041145833356], "T24_20.jpg": [0.9999988111206498, -0.022205563053498856, 7.370351632150141, 917.1298947545031, 2.186634495230963, 0.006898505825466583, 2119.220989583332], "T07_40.jpg": [0.9999999204933886, 0.22234331962872753, 6.369654800167514, 3546.4869053385646, 1.6456161662696658, 0.017151663631863052, 5268.991067708327], "T09_40.jpg": [0.9999995274893922, -0.4738758632402766, 6.986048947955599, 1454.7692612860449, 1.7290004192157613, 0.009718323198954267, 2985.468886718752], "T21_10.jpg": [0.9999996055898146, -0.4920257895814187, 6.895922441772721, 1592.3035137621325, 1.7068510590975845, 0.010410210291544592, 3198.0166015625014], "T12_10.jpg": [0.9999995561843524, -0.23658208721448554, 7.019863629988574, 1501.0618888500176, 1.790237013075307, 0.00959060351053874, 2946.233398437503], "T07_20.jpg": [0.9999999404437253, 0.29698689911922843, 6.31795855245263, 4097.662874457163, 1.623077718616875, 0.01864448115030924, 5727.584609374996], "T15_30.jpg": [0.9999998364969392, -0.020133649422884235, 6.7813665481155985, 2473.0734834541204, 1.3703146074006014, 0.012724675814310705, 3909.020410156254], "T19_10.jpg": [0.9999986952101991, -0.6369530358836865, 7.400561493377755, 875.4461558113853, 2.200878784119345, 0.006864418707953556, 2108.749427083333], "T20_20.jpg": [0.9999998688485603, -0.24278143069276442, 6.3127830648222805, 2761.299029490798, 1.7658474583301216, 0.01682436807420517, 5168.4458723958205], "T18_30.jpg": [0.9999989552931245, -0.5131811547699782, 7.32559425218474, 978.3686919131686, 1.9966463132428176, 0.0073021429273817245, 2243.2183072916678], "T25_20.jpg": [0.9999996916045266, 0.3392743197534756, 6.97453024720403, 1800.7189526781835, 2.2545932469409604, 0.01015154997507731, 3118.556152343751], "T21_30.jpg": [0.9999999182198676, 0.07308570852743967, 6.443007422072932, 3496.84254505951, 1.376313551390112, 0.016739043193393293, 5142.234069010416], "T12_20.jpg": [0.999999622492413, -0.31043935407622747, 6.981390366773424, 1627.5602551915035, 1.6565652529162072, 0.010084864955478246, 3098.0705143229193], "T21_40.jpg": [0.9999994405430496, -0.47096832963873664, 7.054448785973063, 1336.9542361785793, 1.7792684402359713, 0.009087673759460454, 2791.7333789062504], "T10_40.jpg": [0.999999827750571, -0.08286988273068016, 6.720662475500424, 2409.46746831813, 1.4144517431942383, 0.012904743533664277, 3964.337213541667], "T01_30.jpg": [0.9999974029136789, -0.2511493859149335, 7.548215985467855, 620.5206570023269, 2.310794132954318, 0.005822525193956159, 1788.6797395833325], "T15_20.jpg": [0.9999998006255473, -0.049159016693630875, 6.880275682588762, 2239.572894362314, 1.3533328911344396, 0.01163092189364964, 3573.019205729169], "T01_10.jpg": [0.9999966043843893, -0.3842204004617395, 7.612407168482498, 542.6752336334647, 2.4654536889832395, 0.005506088744269475, 1691.4704622395823], "T16_20.jpg": [0.9999991313769029, -0.1881118413346292, 7.306122743377574, 1072.96146505996, 1.8262604593828173, 0.0074476528803507445, 2287.9189648437477], "T06_30.jpg": [0.9999999324214017, 0.1292532737401263, 6.238811411974697, 3846.762695087712, 1.4697106892641656, 0.01876740281846789, 5765.3461458333295], "T17_30.jpg": [0.9999999468140669, -0.034009076882033855, 6.033857629545896, 4336.123037806203, 1.3653360158907613, 0.021782370079888223, 6691.544088541664], "T13_30.jpg": [0.9999998750476646, 0.18135786387625022, 6.647862560148178, 2828.966365870945, 1.510212175586269, 0.013957277531094029, 4287.675657552083], "T10_10.jpg": [0.9999998459527404, 0.09040782456212723, 6.693585027287873, 2547.844848348685, 1.5496416213612434, 0.013178327433268229, 4048.3821875000035], "T11_40.jpg": [0.9999994418036698, -0.6721056037411941, 7.076168589037935, 1338.4630620687053, 1.959600165237489, 0.009176746156480583, 2819.0964192708325], "T01_20.jpg": [0.9999984032759999, -0.7818224134582988, 7.329003323703626, 791.3793736193229, 2.475381628034352, 0.006991682158576118, 2147.8447591145837], "T03_40.jpg": [0.999999157044094, 0.6186789180295399, 7.43442478088256, 1089.1743070983443, 2.356103955665436, 0.006763427501254612, 2077.7249283854167], "T06_20.jpg": [0.9999999678933497, 0.04278970981882218, 5.827888788098312, 5580.877549052177, 1.372519381954926, 0.0265622751659817, 8159.930930989581], "T03_20.jpg": [0.999999839464393, 0.29703026863765614, 6.933625881134036, 2495.8258459861495, 1.4903785044447986, 0.011577154625786672, 3556.501901041667],