{"T09_10.jpg": [6.667067076230268770, 0.16327079785117285], "T24_40.jpg": [4.14927967085392583, 10.096195432082361], "T15_10.jpg": [1.581876535375503172, 1.8051324412598251], "T20_40.jpg": [2.911891865695707895, 30.047020554360017], "T10_30.jpg": [3.923750509017897195, 0.28189967618626816], "T02_40.jpg": [4.172010919808610599, 0.52571922281747041], "T17_10.jpg": [3.664064302324830782, 0.191064534914717], "T09_30.jpg": [6.669364673906862297, 0.42746172812290711], "T02_30.jpg": [1.545618679984697498, 0.41140201822249511], "T05_30.jpg": [1.999432695039372665, 0.28850119521481132], "T08_10.jpg": [6.013745627288303387, 0.9815935769366767], "T08_20.jpg": [1.39945589087410685, 0.59624371536564102], "T20_10.jpg": [6.334402092617854385, 21.746918479298383], "T13_10.jpg": [3.466791263198323580, 0.17008735650832493], "T13_20.jpg": [9.063567375634677686, 0.13846321922032997], "T12_40.jpg": [2.810135698272161684, 0.48887460155163798], "T07_10.jpg": [1.862369468713165476, 0.3163966940657974], "T24_10.jpg": [7.945609220393220191, 27.932313150724042], "T02_10.jpg": [1.282290062890730498, 0.46919814088566891], "T06_10.jpg": [2.867727820125956872, 0.031622930046707173], "T03_30.jpg": [5.421074784478396290, 1.5110834636098496], "T04_10.jpg": [7.792584777151048676, 0.28615194132694127], "T08_30.jpg": [1.468061288225357694, 0.74915883201800237], "T24_20.jpg": [4.212441951143298180, 13.606029846604748], "T07_40.jpg": [5.877322441747423776, 0.40482773141383416], "T09_40.jpg": [1.07238548364237793, 0.52308788160159392], "T21_10.jpg": [1.411490898985673179, 0.44897148176419333], "T12_10.jpg": [7.572663088635257791, 0.37468819120876079], "T07_20.jpg": [2.780890195745729979, 0.19852837636996129], "T15_30.jpg": [6.646747130681212795, 0.28125487217627948], "T19_10.jpg": [6.937257912719393697, 2.5138647966979337], "T20_20.jpg": [1.365636096357119291, 12.99760388160729], "T18_30.jpg": [5.158595968178369387, 5.066142827697548], "T25_20.jpg": [7.396188195171129786, 2.6635297926799133], "T21_30.jpg": [3.545980433113589488, 0.22398003242475284], "T12_20.jpg": [1.649963066071677185, 0.3204798141386197], "T21_40.jpg": [1.138631210005785184, 0.87620536352575074], "T10_40.jpg": [4.931216245176720883, 0.32805378880727093], "T01_30.jpg": [1.196740312532603889, 2.6129105420938927], "T15_20.jpg": [1.16824327547497798, 0.99256956008557595], "T01_10.jpg": [4.2349705459470973101, 2.8283599318782504], "T16_20.jpg": [1.290161548412815496, 1.5943151848949151], "T06_30.jpg": [3.773531344406173765, 0.27595125831269646], "T17_30.jpg": [9.07536315505974180, 0.15854558867546725], "T13_30.jpg": [3.619487158897202179, 0.16606792576034538], "T10_10.jpg": [2.023064215343011269, 0.70064149158679756], "T11_40.jpg": [4.387638074009439894, 0.45111404511583969], "T01_20.jpg": [1.008877335307518488, 0.68458782064491075], "T03_40.jpg": [1.062242045728130792, 3.4190345316402211], "T06_20.jpg": [2.016860872911108766, 0.057380969197412], "T23_20.jpg": [6.23860455234389976, 0.95314232403022414], "T05_20.jpg": [3.31411102278773, 0.28144432648713719], "T06_40.jpg": [4.929606290318382377, 0.052296315980731298], "T04_30.jpg": [3.450312497744741962, 0.37402494437198469], "T05_40.jpg": [3.356913250106045964, 0.16379780251906259], "T03_10.jpg": [2.7413237183270193, 1.2684715576249603], "T05_10.jpg": [5.268325058750869280, 0.13686287896140906], "T22_40.jpg": [9.491640358504523487, 0.64009367596656608], "T02_20.jpg": [3.839200847645036394, 1.0710405715844817], "T22_20.jpg": [3.131846808110112286, 1.6344526908369905], "T14_40.jpg": [1.4323540416619549100, 0.80133693133022876], "T14_20.jpg": [2.855494496608867788, 1.9433242468875431], "T13_40.jpg": [1.222728579528504683, 0.19941600511233559], "T14_30.jpg": [2.770547310985584681, 0.63486308531087832], "T17_20.jpg": [1.277667246294160584, 0.1923943623208238], "T25_30.jpg": [7.70176297158650681, 8.6739958674990056], "T19_40.jpg": [8.89572870168383373, 0.92554299723267608], "T22_10.jpg": [1.392130379089418153, 2.8421334237271143], "T25_10.jpg": [6.8433661262218166, 3.5032834781780284], "T12_30.jpg": [2.995133449748528594, 0.51514262222092988], "T21_20.jpg": [5.752124277743297475, 0.38138769559503338], "T24_30.jpg": [2.026067415258880580, 12.796310675646719], "T01_40.jpg": [4.522991167412695698, 3.6581587201941823], "T09_20.jpg": [1.134124829027988887, 0.37578786798862956], "T20_30.jpg": [1.425980684908100395, 12.856830772092213], "T25_40.jpg": [3.292901072110797381, 5.5495526366589445], "T07_30.jpg": [1.144914563092705373, 0.19612067773091812], "T04_20.jpg": [6.511340972796868164, 0.39954907598310219], "T10_20.jpg": [8.922103421281263592, 0.22779229751804303], "T18_10.jpg": [1.073351780265309797, 5.0225281555880148], "T08_40.jpg": [8.949051109458604893, 0.84237858083664607], "T17_40.jpg": [2.191092518519484988, 0.19230725278293334], "T18_40.jpg": [8.610504571410777883, 2.5135761189419177], "T15_40.jpg": [1.629730999413796594, 0.70833442588160711], "T23_40.jpg": [2.250458572142239990, 0.41065464013947478], "T16_40.jpg": [3.802606369299512598, 5.8809986313645144], "T16_10.jpg": [2.168739467224355496, 4.3016195049151715], "T18_20.jpg": [2.079888393285825581, 2.8990113095608296], "T03_20.jpg": [1.078723420720591190, 0.84087547061844448], "T19_20.jpg": [1.008960191024188780, 0.52692171902558915], "T11_20.jpg": [1.96389853213199892, 0.31389830924386447], "T11_30.jpg": [1.202529391872266289, 0.47541043705186992], "T16_30.jpg": [1.34740480097789499, 1.9227015477514782], "T19_30.jpg": [1.962230065579225371, 0.63626105817937306], "T22_30.jpg": [1.695538289585578670, 0.97081329236571878], "T14_10.jpg": [1.781760242955011793, 1.4586165260873101], "T04_40.jpg": [5.746676366731260855, 2.1905897461542505], "T23_30.jpg": [1.410958467158070985, 0.38268654466196628], "T23_10.jpg": [5.337183852970280376, 0.30287889980481375], "T11_10.jpg": [1.806831550265566466, 0.57944822879446911]}